it,base_code,SP,TCT,ST,DG,KV,KH
Z_AA_0,AA,46.3176,49.83347599920474,49.83347599920474,49.83347599920474,49.83347599920474,49.83347599920474
Z_AA_1,AA,46.3176,49.83347599920474,49.83347599920474,49.83347599920474,49.83347599920474,49.83347599920474
Z_AA_2,AA,46.3176,49.83347599920474,49.83347599920474,49.83347599920474,49.83347599920474,49.83347599920474
Z_AA_3,AA,46.3176,49.83347599920474,49.83347599920474,49.83347599920474,49.83347599920474,49.83347599920474
Z_AB_0,AB,34.7382,39.654655999204735,39.654655999204735,39.654655999204735,48.749166908295656,48.749166908295656
Z_AB_1,AB,46.3176,48.749166908295656,48.749166908295656,48.749166908295656,48.749166908295656,48.749166908295656
Z_AB_2,AB,34.7382,39.654655999204735,48.749166908295656,48.749166908295656,48.749166908295656,48.749166908295656
Z_AB_3,AB,46.3176,48.749166908295656,48.749166908295656,48.749166908295656,48.749166908295656,48.749166908295656
Z_AC_0,AC,23.1588,27.837411933804056,38.57034690829565,27.837411933804056,47.76343137110557,47.76343137110557
Z_AC_1,AC,46.3176,47.76343137110557,47.76343137110557,47.76343137110557,47.76343137110557,47.76343137110557
Z_AC_2,AC,23.1588,27.837411933804056,38.57034690829565,47.76343137110557,47.76343137110557,47.76343137110557
Z_AC_3,AC,46.3176,47.76343137110557,47.76343137110557,47.76343137110557,47.76343137110557,47.76343137110557
Z_AD_0,AD,11.5794,14.681477933008797,37.58461137110556,14.681477933008797,46.86730815547822,46.86730815547822
Z_AD_1,AD,46.3176,46.86730815547822,46.86730815547822,46.86730815547822,46.86730815547822,46.86730815547822
Z_AD_2,AD,11.5794,14.681477933008797,37.58461137110556,46.86730815547822,46.86730815547822,46.86730815547822
Z_AD_3,AD,46.3176,46.86730815547822,46.86730815547822,46.86730815547822,46.86730815547822,46.86730815547822
Z_AE_0,AE,0.0,0.39369771913960755,36.68848815547822,13.597168842099702,46.05265068672608,46.05265068672608
Z_AE_1,AE,46.3176,46.05265068672608,46.05265068672608,46.05265068672608,46.05265068672608,46.05265068672608
Z_AE_2,AE,0.0,0.39369771913960755,36.68848815547822,46.05265068672608,46.05265068672608,46.05265068672608
Z_AE_3,AE,46.3176,46.05265068672608,46.05265068672608,46.05265068672608,46.05265068672608,46.05265068672608
Z_AF_0,AF,34.7382,38.57034690829565,38.57034690829565,38.57034690829565,47.76343137110557,47.76343137110557
Z_AF_1,AF,34.7382,38.57034690829565,47.76343137110557,47.76343137110557,47.76343137110557,47.76343137110557
Z_AF_2,AF,34.7382,38.57034690829565,38.57034690829565,47.76343137110557,47.76343137110557,47.76343137110557
Z_AF_3,AF,34.7382,38.57034690829565,38.57034690829565,38.57034690829565,47.76343137110557,47.76343137110557
Z_AG_0,AG,23.1588,25.767367305704884,36.68848815547822,25.767367305704884,36.68848815547822,36.68848815547822
Z_AG_1,AG,23.1588,25.767367305704884,36.68848815547822,36.68848815547822,36.68848815547822,36.68848815547822
Z_AG_2,AG,23.1588,25.767367305704884,25.767367305704884,46.05265068672608,36.68848815547822,36.68848815547822
Z_AG_3,AG,23.1588,25.767367305704884,36.68848815547822,36.68848815547822,36.68848815547822,36.68848815547822
Z_AH_0,AH,11.5794,11.715310089282275,24.0565866213254,11.715310089282275,35.13323298786051,35.13323298786051
Z_AH_1,AH,11.5794,11.715310089282275,35.13323298786051,24.0565866213254,35.13323298786051,35.13323298786051
Z_AH_2,AH,11.5794,11.715310089282275,24.0565866213254,35.13323298786051,35.13323298786051,35.13323298786051
Z_AH_3,AH,11.5794,11.715310089282275,35.13323298786051,35.13323298786051,35.13323298786051,35.13323298786051
Z_AI_0,AI,0.0,0.0,22.642718287127483,10.160054921664559,33.84789813858967,33.84789813858967
Z_AI_1,AI,0.0,0.0,22.642718287127483,0.0,33.84789813858967,33.84789813858967
Z_AI_2,AI,0.0,0.0,22.642718287127483,33.84789813858967,33.84789813858967,33.84789813858967
Z_AI_3,AI,0.0,0.0,22.642718287127483,33.84789813858967,33.84789813858967,33.84789813858967
Z_AJ_0,AJ,23.1588,24.87124409007753,24.87124409007753,24.87124409007753,35.87383068672609,35.87383068672609
Z_AJ_1,AJ,23.1588,24.87124409007753,35.87383068672609,35.87383068672609,35.87383068672609,35.87383068672609
Z_AJ_2,AJ,23.1588,24.87124409007753,24.87124409007753,35.87383068672609,35.87383068672609,35.87383068672609
Z_AJ_3,AJ,23.1588,24.87124409007753,35.87383068672609,35.87383068672609,35.87383068672609,35.87383068672609
Z_AK_0,AK,11.5794,10.900652620530144,10.900652620530144,10.900652620530144,34.459962352528166,34.459962352528166
Z_AK_1,AK,11.5794,10.900652620530144,34.459962352528166,23.315988922459823,34.459962352528166,34.459962352528166
Z_AK_2,AK,11.5794,10.900652620530144,23.315988922459823,34.459962352528166,34.459962352528166,34.459962352528166
Z_AK_3,AK,11.5794,10.900652620530144,34.459962352528166,34.459962352528166,34.459962352528166,34.459962352528166
Z_AL_0,AL,0.0,0.0,9.48678428633222,9.48678428633222,22.030654073188984,22.030654073188984
Z_AL_1,AL,0.0,0.0,22.030654073188984,0.0,22.030654073188984,22.030654073188984
Z_AL_2,AL,0.0,0.0,9.48678428633222,22.030654073188984,22.030654073188984,22.030654073188984
Z_AL_3,AL,0.0,0.0,22.030654073188984,33.291476125918315,22.030654073188984,22.030654073188984
Z_AM_0,AM,11.5794,9.48678428633222,9.48678428633222,9.48678428633222,33.291476125918315,33.291476125918315
Z_AM_1,AM,11.5794,9.48678428633222,22.030654073188984,22.030654073188984,33.291476125918315,33.291476125918315
Z_AM_2,AM,11.5794,9.48678428633222,9.48678428633222,22.030654073188984,33.291476125918315,33.291476125918315
Z_AM_3,AM,11.5794,9.48678428633222,22.030654073188984,22.030654073188984,33.291476125918315,33.291476125918315
Z_AN_0,AN,0.0,0.0,8.318298059722373,8.318298059722373,20.96839386718004,20.96839386718004
Z_AN_1,AN,0.0,0.0,20.96839386718004,0.0,20.96839386718004,20.96839386718004
Z_AN_2,AN,0.0,0.0,0.0,8.318298059722373,20.96839386718004,20.96839386718004
Z_AN_3,AN,0.0,0.0,20.96839386718004,20.96839386718004,20.96839386718004,20.96839386718004
Z_AO_0,AO,0.0,0.0,0.0,6.934558869683162,19.710449148962567,19.710449148962567
Z_AO_1,AO,0.0,0.0,6.934558869683162,0.0,19.710449148962567,19.710449148962567
Z_AO_2,AO,0.0,0.0,0.0,0.0,19.710449148962567,19.710449148962567
Z_AO_3,AO,0.0,0.0,6.934558869683162,6.934558869683162,19.710449148962567,19.710449148962567
Z_AP_0,AP,34.7382,48.749166908295656,48.749166908295656,48.749166908295656,48.749166908295656,48.749166908295656
Z_AP_1,AP,34.7382,48.749166908295656,39.654655999204735,48.749166908295656,48.749166908295656,48.749166908295656
Z_AP_2,AP,34.7382,48.749166908295656,48.749166908295656,48.749166908295656,48.749166908295656,48.749166908295656
Z_AP_3,AP,34.7382,48.749166908295656,48.749166908295656,39.654655999204735,48.749166908295656,48.749166908295656
Z_AQ_0,AQ,23.1588,47.76343137110557,47.76343137110557,47.76343137110557,47.76343137110557,47.76343137110557
Z_AQ_1,AQ,23.1588,47.76343137110557,38.57034690829565,47.76343137110557,47.76343137110557,47.76343137110557
Z_AQ_2,AQ,23.1588,47.76343137110557,47.76343137110557,47.76343137110557,47.76343137110557,47.76343137110557
Z_AQ_3,AQ,23.1588,47.76343137110557,38.57034690829565,38.57034690829565,47.76343137110557,47.76343137110557
Z_AR_0,AR,11.5794,46.86730815547822,46.86730815547822,46.86730815547822,46.86730815547822,46.86730815547822
Z_AR_1,AR,11.5794,46.86730815547822,37.58461137110556,46.86730815547822,46.86730815547822,46.86730815547822
Z_AR_2,AR,11.5794,46.86730815547822,37.58461137110556,46.86730815547822,46.86730815547822,46.86730815547822
Z_AR_3,AR,11.5794,46.86730815547822,37.58461137110556,37.58461137110556,46.86730815547822,46.86730815547822
Z_AS_0,AS,0.0,46.05265068672608,36.68848815547822,36.68848815547822,46.05265068672608,46.05265068672608
Z_AS_1,AS,0.0,46.05265068672608,36.68848815547822,36.68848815547822,46.05265068672608,46.05265068672608
Z_AT_0,AT,23.1588,24.0565866213254,35.13323298786051,24.0565866213254,35.13323298786051,35.13323298786051
Z_AT_1,AT,23.1588,24.0565866213254,24.0565866213254,35.13323298786051,35.13323298786051,35.13323298786051
Z_AT_2,AT,23.1588,24.0565866213254,35.13323298786051,24.0565866213254,35.13323298786051,35.13323298786051
Z_AT_3,AT,23.1588,24.0565866213254,24.0565866213254,24.0565866213254,35.13323298786051,35.13323298786051
Z_AU_0,AU,11.5794,22.030654073188984,33.291476125918315,22.030654073188984,33.291476125918315,33.291476125918315
Z_AU_1,AU,11.5794,22.030654073188984,9.48678428633222,22.030654073188984,33.291476125918315,33.291476125918315
Z_AU_2,AU,11.5794,22.030654073188984,33.291476125918315,22.030654073188984,33.291476125918315,33.291476125918315
Z_AU_3,AU,11.5794,22.030654073188984,9.48678428633222,9.48678428633222,33.291476125918315,33.291476125918315
Z_AV_0,AV,0.0,20.508540964145855,7.812459866384772,7.812459866384772,20.508540964145855,20.508540964145855
Z_AV_1,AV,0.0,20.508540964145855,0.0,7.812459866384772,20.508540964145855,20.508540964145855
Z_AW_0,AW,46.3176,49.83347599920474,49.83347599920474,49.83347599920474,49.83347599920474,49.83347599920474
Z_AX_0,AX,23.1588,22.642718287127483,22.642718287127483,22.642718287127483,33.84789813858967,33.84789813858967
Z_AY_0,AY,0.0,0.0,0.0,0.0,0.0,0.0
Z_AZ_0,AZ,0.0,0.0,0.0,0.0,6.55451514816731,6.55451514816731
Z_BA_0,BA,46.3176,49.83347599920474,49.83347599920474,49.83347599920474,49.83347599920474,49.83347599920474
Z_BA_1,BA,46.3176,49.83347599920474,49.83347599920474,49.83347599920474,49.83347599920474,49.83347599920474
Z_BA_2,BA,46.3176,49.83347599920474,49.83347599920474,49.83347599920474,49.83347599920474,49.83347599920474
Z_BA_3,BA,46.3176,49.83347599920474,49.83347599920474,49.83347599920474,49.83347599920474,49.83347599920474
Z_BB_0,BB,34.7382,39.654655999204735,39.654655999204735,39.654655999204735,48.749166908295656,48.749166908295656
Z_BB_1,BB,46.3176,48.749166908295656,48.749166908295656,48.749166908295656,48.749166908295656,48.749166908295656
Z_BB_2,BB,34.7382,39.654655999204735,48.749166908295656,39.654655999204735,48.749166908295656,48.749166908295656
Z_BB_3,BB,46.3176,48.749166908295656,48.749166908295656,48.749166908295656,48.749166908295656,48.749166908295656
Z_BC_0,BC,23.1588,27.837411933804056,38.57034690829565,38.57034690829565,47.76343137110557,47.76343137110557
Z_BC_1,BC,46.3176,47.76343137110557,47.76343137110557,47.76343137110557,47.76343137110557,47.76343137110557
Z_BC_2,BC,23.1588,27.837411933804056,38.57034690829565,27.837411933804056,47.76343137110557,47.76343137110557
Z_BC_3,BC,46.3176,47.76343137110557,47.76343137110557,47.76343137110557,47.76343137110557,47.76343137110557
Z_BD_0,BD,11.5794,14.681477933008797,37.58461137110556,37.58461137110556,46.86730815547822,46.86730815547822
Z_BD_1,BD,46.3176,46.86730815547822,46.86730815547822,46.86730815547822,46.86730815547822,46.86730815547822
Z_BD_2,BD,11.5794,14.681477933008797,37.58461137110556,26.753102842894965,46.86730815547822,46.86730815547822
Z_BD_3,BD,46.3176,46.86730815547822,46.86730815547822,46.86730815547822,46.86730815547822,46.86730815547822
Z_BE_0,BE,0.0,0.39369771913960755,36.68848815547822,25.767367305704884,46.05265068672608,46.05265068672608
Z_BE_1,BE,46.3176,46.05265068672608,46.05265068672608,46.05265068672608,46.05265068672608,46.05265068672608
Z_BF_0,BF,46.3176,47.76343137110557,47.76343137110557,47.76343137110557,47.76343137110557,47.76343137110557
Z_BF_1,BF,23.1588,27.837411933804056,38.57034690829565,27.837411933804056,47.76343137110557,47.76343137110557
Z_BF_2,BF,46.3176,47.76343137110557,47.76343137110557,47.76343137110557,47.76343137110557,47.76343137110557
Z_BF_3,BF,23.1588,27.837411933804056,38.57034690829565,47.76343137110557,47.76343137110557,47.76343137110557
Z_BG_0,BG,34.7382,35.87383068672609,35.87383068672609,35.87383068672609,35.87383068672609,35.87383068672609
Z_BG_1,BG,23.1588,24.87124409007753,24.87124409007753,24.87124409007753,35.87383068672609,35.87383068672609
Z_BG_2,BG,34.7382,35.87383068672609,35.87383068672609,35.87383068672609,35.87383068672609,35.87383068672609
Z_BG_3,BG,23.1588,24.87124409007753,24.87124409007753,24.87124409007753,35.87383068672609,35.87383068672609
Z_BH_0,BH,23.1588,22.642718287127483,22.642718287127483,22.642718287127483,33.84789813858967,33.84789813858967
Z_BH_1,BH,23.1588,22.642718287127483,22.642718287127483,22.642718287127483,33.84789813858967,33.84789813858967
Z_BH_2,BH,23.1588,22.642718287127483,22.642718287127483,22.642718287127483,33.84789813858967,33.84789813858967
Z_BH_3,BH,23.1588,22.642718287127483,22.642718287127483,22.642718287127483,33.84789813858967,33.84789813858967
Z_BI_0,BI,11.5794,8.318298059722373,8.318298059722373,20.96839386718004,20.96839386718004,20.96839386718004
Z_BI_1,BI,23.1588,20.96839386718004,20.96839386718004,20.96839386718004,20.96839386718004,20.96839386718004
Z_BI_2,BI,11.5794,8.318298059722373,8.318298059722373,8.318298059722373,20.96839386718004,20.96839386718004
Z_BI_3,BI,23.1588,20.96839386718004,20.96839386718004,20.96839386718004,20.96839386718004,20.96839386718004
Z_BJ_0,BJ,0.0,0.0,0.0,6.934558869683162,19.710449148962567,19.710449148962567
Z_BJ_1,BJ,23.1588,19.710449148962567,19.710449148962567,19.710449148962567,19.710449148962567,19.710449148962567
Z_BK_0,BK,34.7382,37.58461137110556,37.58461137110556,37.58461137110556,46.86730815547822,46.86730815547822
Z_BK_1,BK,23.1588,26.753102842894965,37.58461137110556,26.753102842894965,46.86730815547822,46.86730815547822
Z_BK_2,BK,34.7382,37.58461137110556,37.58461137110556,37.58461137110556,46.86730815547822,46.86730815547822
Z_BK_3,BK,23.1588,26.753102842894965,37.58461137110556,46.86730815547822,46.86730815547822,46.86730815547822
Z_BL_0,BL,23.1588,22.642718287127483,22.642718287127483,33.84789813858967,33.84789813858967,33.84789813858967
Z_BL_1,BL,0.0,0.0,22.642718287127483,10.160054921664559,33.84789813858967,33.84789813858967
Z_BL_2,BL,23.1588,22.642718287127483,22.642718287127483,22.642718287127483,33.84789813858967,33.84789813858967
Z_BL_3,BL,0.0,0.0,10.160054921664559,10.160054921664559,33.84789813858967,33.84789813858967
Z_BM_0,BM,11.5794,7.352606963350597,7.352606963350597,7.352606963350597,20.09049287047842,20.09049287047842
Z_BM_1,BM,0.0,0.0,7.352606963350597,7.352606963350597,20.09049287047842,20.09049287047842
Z_BM_2,BM,11.5794,7.352606963350597,7.352606963350597,20.09049287047842,20.09049287047842,20.09049287047842
Z_BM_3,BM,0.0,0.0,7.352606963350597,0.0,20.09049287047842,20.09049287047842
Z_BN_0,BN,0.0,0.0,0.0,0.0,5.609402662654561,5.609402662654561
Z_BN_1,BN,0.0,0.0,0.0,0.0,5.609402662654561,5.609402662654561
Z_BN_2,BN,0.0,0.0,0.0,0.0,5.609402662654561,5.609402662654561
Z_BN_3,BN,0.0,0.0,0.0,0.0,5.609402662654561,5.609402662654561
Z_BO_0,BO,0.0,0.0,7.812459866384772,7.812459866384772,20.508540964145855,20.508540964145855
Z_BP_0,BP,34.7382,48.749166908295656,48.749166908295656,39.654655999204735,48.749166908295656,48.749166908295656
Z_BP_1,BP,34.7382,48.749166908295656,48.749166908295656,48.749166908295656,48.749166908295656,48.749166908295656
Z_BQ_0,BQ,11.5794,37.58461137110556,26.753102842894965,26.753102842894965,37.58461137110556,37.58461137110556
Z_BQ_1,BQ,34.7382,46.86730815547822,37.58461137110556,46.86730815547822,37.58461137110556,37.58461137110556
Z_BR_0,BR,0.0,24.87124409007753,12.61143330490962,12.61143330490962,35.87383068672609,35.87383068672609
Z_BR_1,BR,34.7382,35.87383068672609,35.87383068672609,35.87383068672609,35.87383068672609,35.87383068672609
Z_BS_0,BS,0.0,10.900652620530144,10.900652620530144,0.0,34.459962352528166,34.459962352528166
Z_BS_1,BS,34.7382,34.459962352528166,34.459962352528166,34.459962352528166,34.459962352528166,34.459962352528166
Z_BT_0,BT,0.0,0.0,9.48678428633222,0.0,33.291476125918315,33.291476125918315
Z_BT_1,BT,34.7382,33.291476125918315,33.291476125918315,33.291476125918315,33.291476125918315,33.291476125918315
Z_BU_0,BU,34.7382,34.459962352528166,34.459962352528166,34.459962352528166,34.459962352528166,34.459962352528166
Z_BU_1,BU,0.0,0.0,23.315988922459823,10.900652620530144,34.459962352528166,34.459962352528166
Z_BU_2,BU,34.7382,34.459962352528166,34.459962352528166,34.459962352528166,34.459962352528166,34.459962352528166
Z_BU_3,BU,0.0,0.0,10.900652620530144,10.900652620530144,34.459962352528166,34.459962352528166
Z_BV_0,BV,23.1588,20.508540964145855,20.508540964145855,20.508540964145855,20.508540964145855,20.508540964145855
Z_BV_1,BV,0.0,0.0,7.812459866384772,7.812459866384772,20.508540964145855,20.508540964145855
Z_BV_2,BV,23.1588,20.508540964145855,20.508540964145855,20.508540964145855,20.508540964145855,20.508540964145855
Z_BV_3,BV,0.0,0.0,7.812459866384772,0.0,20.508540964145855,20.508540964145855
Z_BW_0,BW,11.5794,5.894935135619135,5.894935135619135,5.894935135619135,5.894935135619135,5.894935135619135
Z_BW_1,BW,0.0,0.0,0.0,5.894935135619135,5.894935135619135,5.894935135619135
Z_BW_2,BW,11.5794,5.894935135619135,5.894935135619135,5.894935135619135,5.894935135619135,5.894935135619135
Z_BW_3,BW,0.0,0.0,0.0,0.0,5.894935135619135,5.894935135619135
Z_BX_0,BX,23.1588,20.508540964145855,20.508540964145855,20.508540964145855,20.508540964145855,20.508540964145855
Z_BX_1,BX,0.0,0.0,7.812459866384772,7.812459866384772,20.508540964145855,20.508540964145855
Z_BX_2,BX,23.1588,20.508540964145855,20.508540964145855,20.508540964145855,20.508540964145855,20.508540964145855
Z_BX_3,BX,0.0,0.0,7.812459866384772,7.812459866384772,20.508540964145855,20.508540964145855
Z_BY_0,BY,11.5794,6.55451514816731,6.55451514816731,6.55451514816731,6.55451514816731,6.55451514816731
Z_BY_1,BY,0.0,0.0,6.55451514816731,6.55451514816731,6.55451514816731,6.55451514816731
Z_BY_2,BY,11.5794,6.55451514816731,6.55451514816731,6.55451514816731,6.55451514816731,6.55451514816731
Z_BY_3,BY,0.0,0.0,6.55451514816731,0.0,6.55451514816731,6.55451514816731
Z_BZ_0,BZ,46.3176,48.749166908295656,48.749166908295656,48.749166908295656,48.749166908295656,48.749166908295656
Z_BZ_1,BZ,34.7382,39.654655999204735,48.749166908295656,48.749166908295656,48.749166908295656,48.749166908295656
Z_BZ_2,BZ,46.3176,48.749166908295656,48.749166908295656,48.749166908295656,48.749166908295656,48.749166908295656
Z_BZ_3,BZ,34.7382,39.654655999204735,48.749166908295656,48.749166908295656,48.749166908295656,48.749166908295656
Z_CA_0,CA,34.7382,37.58461137110556,37.58461137110556,37.58461137110556,46.86730815547822,46.86730815547822
Z_CA_1,CA,34.7382,37.58461137110556,46.86730815547822,37.58461137110556,46.86730815547822,46.86730815547822
Z_CA_2,CA,34.7382,37.58461137110556,37.58461137110556,37.58461137110556,46.86730815547822,46.86730815547822
Z_CA_3,CA,34.7382,37.58461137110556,46.86730815547822,37.58461137110556,46.86730815547822,46.86730815547822
Z_CB_0,CB,23.1588,24.87124409007753,24.87124409007753,24.87124409007753,35.87383068672609,35.87383068672609
Z_CB_1,CB,34.7382,35.87383068672609,35.87383068672609,35.87383068672609,35.87383068672609,35.87383068672609
Z_CB_2,CB,23.1588,24.87124409007753,24.87124409007753,24.87124409007753,35.87383068672609,35.87383068672609
Z_CB_3,CB,34.7382,35.87383068672609,35.87383068672609,35.87383068672609,35.87383068672609,35.87383068672609
Z_CC_0,CC,11.5794,10.900652620530144,10.900652620530144,10.900652620530144,34.459962352528166,34.459962352528166
Z_CC_1,CC,34.7382,34.459962352528166,34.459962352528166,34.459962352528166,34.459962352528166,34.459962352528166
Z_CC_2,CC,11.5794,10.900652620530144,23.315988922459823,10.900652620530144,34.459962352528166,34.459962352528166
Z_CC_3,CC,34.7382,34.459962352528166,34.459962352528166,34.459962352528166,34.459962352528166,34.459962352528166
Z_CD_0,CD,34.7382,35.13323298786051,35.13323298786051,35.13323298786051,35.13323298786051,35.13323298786051
Z_CD_1,CD,0.0,0.0,24.0565866213254,11.715310089282275,35.13323298786051,35.13323298786051
Z_CD_2,CD,34.7382,35.13323298786051,35.13323298786051,35.13323298786051,35.13323298786051,35.13323298786051
Z_CD_3,CD,0.0,0.0,24.0565866213254,35.13323298786051,35.13323298786051,35.13323298786051
Z_CE_0,CE,23.1588,22.642718287127483,22.642718287127483,22.642718287127483,33.84789813858967,33.84789813858967
Z_CE_1,CE,0.0,0.0,22.642718287127483,10.160054921664559,33.84789813858967,33.84789813858967
Z_CE_2,CE,23.1588,22.642718287127483,22.642718287127483,22.642718287127483,33.84789813858967,33.84789813858967
Z_CE_3,CE,0.0,0.0,22.642718287127483,22.642718287127483,33.84789813858967,33.84789813858967
Z_CF_0,CF,11.5794,8.87472007239373,8.87472007239373,8.87472007239373,21.47423206051763,21.47423206051763
Z_CF_1,CF,0.0,0.0,21.47423206051763,8.87472007239373,21.47423206051763,21.47423206051763
Z_CF_2,CF,11.5794,8.87472007239373,8.87472007239373,8.87472007239373,21.47423206051763,21.47423206051763
Z_CF_3,CF,0.0,0.0,21.47423206051763,21.47423206051763,21.47423206051763,21.47423206051763
Z_CG_0,CG,0.0,0.0,7.812459866384772,0.0,20.508540964145855,20.508540964145855
Z_CG_1,CG,0.0,0.0,7.812459866384772,0.0,20.508540964145855,20.508540964145855
Z_CG_2,CG,0.0,0.0,0.0,0.0,20.508540964145855,20.508540964145855
Z_CG_3,CG,0.0,0.0,7.812459866384772,20.508540964145855,20.508540964145855,20.508540964145855
Z_CH_0,CH,23.1588,22.642718287127483,22.642718287127483,22.642718287127483,33.84789813858967,33.84789813858967
Z_CH_1,CH,0.0,0.0,22.642718287127483,22.642718287127483,33.84789813858967,33.84789813858967
Z_CH_2,CH,23.1588,22.642718287127483,22.642718287127483,22.642718287127483,33.84789813858967,33.84789813858967
Z_CH_3,CH,0.0,0.0,22.642718287127483,10.160054921664559,33.84789813858967,33.84789813858967
Z_CI_0,CI,0.0,0.0,8.318298059722373,8.318298059722373,20.96839386718004,20.96839386718004
Z_CI_1,CI,0.0,0.0,20.96839386718004,20.96839386718004,20.96839386718004,20.96839386718004
Z_CI_2,CI,0.0,0.0,8.318298059722373,8.318298059722373,20.96839386718004,20.96839386718004
Z_CI_3,CI,0.0,0.0,20.96839386718004,8.318298059722373,20.96839386718004,20.96839386718004
Z_CJ_0,CJ,34.7382,33.84789813858967,33.84789813858967,33.84789813858967,33.84789813858967,33.84789813858967
Z_CJ_1,CJ,0.0,0.0,10.160054921664559,10.160054921664559,33.84789813858967,33.84789813858967
Z_CJ_2,CJ,34.7382,33.84789813858967,33.84789813858967,33.84789813858967,33.84789813858967,33.84789813858967
Z_CJ_3,CJ,0.0,0.0,22.642718287127483,10.160054921664559,33.84789813858967,33.84789813858967
Z_CK_0,CK,23.1588,20.09049287047842,20.09049287047842,20.09049287047842,20.09049287047842,20.09049287047842
Z_CK_1,CK,0.0,0.0,0.0,7.352606963350597,20.09049287047842,20.09049287047842
Z_CK_2,CK,23.1588,20.09049287047842,20.09049287047842,20.09049287047842,20.09049287047842,20.09049287047842
Z_CK_3,CK,0.0,0.0,0.0,0.0,20.09049287047842,20.09049287047842
Z_CL_0,CL,11.5794,5.609402662654561,5.609402662654561,5.609402662654561,5.609402662654561,5.609402662654561
Z_CL_1,CL,0.0,0.0,0.0,5.609402662654561,5.609402662654561,5.609402662654561
Z_CL_2,CL,11.5794,5.609402662654561,5.609402662654561,5.609402662654561,5.609402662654561,5.609402662654561
Z_CL_3,CL,0.0,0.0,0.0,0.0,5.609402662654561,5.609402662654561
Z_CM_0,CM,11.5794,34.459962352528166,10.900652620530144,23.315988922459823,34.459962352528166,34.459962352528166
Z_CM_1,CM,11.5794,34.459962352528166,23.315988922459823,34.459962352528166,34.459962352528166,34.459962352528166
Z_CN_0,CN,0.0,0.0,0.0,6.209020855880172,6.209020855880172,6.209020855880172
Z_CN_1,CN,0.0,0.0,0.0,0.0,6.209020855880172,6.209020855880172
Z_CO_0,CO,11.5794,35.87383068672609,12.61143330490962,24.87124409007753,35.87383068672609,35.87383068672609
Z_CO_1,CO,11.5794,35.87383068672609,35.87383068672609,35.87383068672609,35.87383068672609,35.87383068672609
Z_CP_0,CP,0.0,22.030654073188984,0.0,9.48678428633222,22.030654073188984,22.030654073188984
Z_CP_1,CP,0.0,22.030654073188984,22.030654073188984,22.030654073188984,22.030654073188984,22.030654073188984
Z_CQ_0,CQ,0.0,20.96839386718004,0.0,8.318298059722373,20.96839386718004,20.96839386718004
Z_CQ_1,CQ,0.0,20.96839386718004,20.96839386718004,8.318298059722373,20.96839386718004,20.96839386718004
Z_CR_0,CR,0.0,6.55451514816731,0.0,0.0,6.55451514816731,6.55451514816731
Z_CR_1,CR,0.0,6.55451514816731,6.55451514816731,6.55451514816731,6.55451514816731,6.55451514816731
Z_CS_0,CS,0.0,7.352606963350597,0.0,0.0,7.352606963350597,7.352606963350597
Z_CS_1,CS,0.0,7.352606963350597,7.352606963350597,20.09049287047842,7.352606963350597,7.352606963350597
Z_CT_0,CT,34.7382,37.58461137110556,37.58461137110556,37.58461137110556,46.86730815547822,46.86730815547822
Z_CT_1,CT,34.7382,37.58461137110556,37.58461137110556,37.58461137110556,46.86730815547822,46.86730815547822
Z_CT_2,CT,34.7382,37.58461137110556,37.58461137110556,37.58461137110556,46.86730815547822,46.86730815547822
Z_CT_3,CT,34.7382,37.58461137110556,37.58461137110556,37.58461137110556,46.86730815547822,46.86730815547822
Z_CU_0,CU,34.7382,35.87383068672609,35.87383068672609,35.87383068672609,35.87383068672609,35.87383068672609
Z_CU_1,CU,23.1588,24.87124409007753,24.87124409007753,35.87383068672609,35.87383068672609,35.87383068672609
Z_CU_2,CU,34.7382,35.87383068672609,35.87383068672609,35.87383068672609,35.87383068672609,35.87383068672609
Z_CU_3,CU,23.1588,24.87124409007753,24.87124409007753,24.87124409007753,35.87383068672609,35.87383068672609
Z_CV_0,CV,34.7382,34.459962352528166,34.459962352528166,34.459962352528166,34.459962352528166,34.459962352528166
Z_CV_1,CV,11.5794,10.900652620530144,23.315988922459823,23.315988922459823,34.459962352528166,34.459962352528166
Z_CV_2,CV,34.7382,34.459962352528166,34.459962352528166,34.459962352528166,34.459962352528166,34.459962352528166
Z_CV_3,CV,11.5794,10.900652620530144,10.900652620530144,10.900652620530144,34.459962352528166,34.459962352528166
Z_CW_0,CW,34.7382,33.291476125918315,33.291476125918315,33.291476125918315,33.291476125918315,33.291476125918315
Z_CW_1,CW,0.0,0.0,9.48678428633222,9.48678428633222,33.291476125918315,33.291476125918315
Z_CW_2,CW,34.7382,33.291476125918315,33.291476125918315,33.291476125918315,33.291476125918315,33.291476125918315
Z_CW_3,CW,0.0,0.0,9.48678428633222,0.0,33.291476125918315,33.291476125918315
Z_CX_0,CX,23.1588,22.642718287127483,22.642718287127483,22.642718287127483,33.84789813858967,33.84789813858967
Z_CX_1,CX,23.1588,22.642718287127483,22.642718287127483,22.642718287127483,33.84789813858967,33.84789813858967
Z_CX_2,CX,23.1588,22.642718287127483,22.642718287127483,22.642718287127483,33.84789813858967,33.84789813858967
Z_CX_3,CX,23.1588,22.642718287127483,22.642718287127483,22.642718287127483,33.84789813858967,33.84789813858967
Z_CY_0,CY,23.1588,20.96839386718004,20.96839386718004,20.96839386718004,20.96839386718004,20.96839386718004
Z_CY_1,CY,11.5794,8.318298059722373,8.318298059722373,20.96839386718004,20.96839386718004,20.96839386718004
Z_CY_2,CY,23.1588,20.96839386718004,20.96839386718004,20.96839386718004,20.96839386718004,20.96839386718004
Z_CY_3,CY,11.5794,8.318298059722373,8.318298059722373,8.318298059722373,20.96839386718004,20.96839386718004
Z_CZ_0,CZ,23.1588,19.710449148962567,19.710449148962567,19.710449148962567,19.710449148962567,19.710449148962567
Z_CZ_1,CZ,0.0,0.0,0.0,6.934558869683162,19.710449148962567,19.710449148962567
Z_CZ_2,CZ,23.1588,19.710449148962567,19.710449148962567,19.710449148962567,19.710449148962567,19.710449148962567
Z_CZ_3,CZ,0.0,0.0,0.0,0.0,19.710449148962567,19.710449148962567
Z_DA_0,DA,11.5794,8.87472007239373,8.87472007239373,8.87472007239373,21.47423206051763,21.47423206051763
Z_DA_1,DA,23.1588,21.47423206051763,21.47423206051763,21.47423206051763,21.47423206051763,21.47423206051763
Z_DA_2,DA,11.5794,8.87472007239373,8.87472007239373,8.87472007239373,21.47423206051763,21.47423206051763
Z_DA_3,DA,23.1588,21.47423206051763,21.47423206051763,21.47423206051763,21.47423206051763,21.47423206051763
Z_DB_0,DB,11.5794,7.352606963350597,7.352606963350597,7.352606963350597,7.352606963350597,20.09049287047842
Z_DB_1,DB,11.5794,7.352606963350597,7.352606963350597,20.09049287047842,7.352606963350597,20.09049287047842
Z_DB_2,DB,11.5794,7.352606963350597,7.352606963350597,7.352606963350597,7.352606963350597,20.09049287047842
Z_DB_3,DB,11.5794,7.352606963350597,7.352606963350597,7.352606963350597,7.352606963350597,20.09049287047842
