base_code,SP,SP_D,TCT,TCT_D,ST,ST_D,DG,DG_D,KV,KV_D,KH,KH_D,frac_diff_SP,cumulative_frac_diff_SP,frac_diff_SP_D,cumulative_frac_diff_SP_D,frac_diff_TCT,cumulative_frac_diff_TCT,frac_diff_TCT_D,cumulative_frac_diff_TCT_D,frac_diff_ST,cumulative_frac_diff_ST,frac_diff_ST_D,cumulative_frac_diff_ST_D,frac_diff_DG,cumulative_frac_diff_DG,frac_diff_DG_D,cumulative_frac_diff_DG_D,frac_diff_KV,cumulative_frac_diff_KV,frac_diff_KV_D,cumulative_frac_diff_KV_D,frac_diff_KH,cumulative_frac_diff_KH,frac_diff_KH_D,cumulative_frac_diff_KH_D
AA,46.307358,49.74628,50.828743,50.828156,50.828743,50.828476,50.828743,50.828476,50.828743,50.828476,50.828743,50.828476,-0.2396164532019705,-0.2396164532019705,-0.1831481116584566,-0.1831481116584566,-0.16537367816091958,-0.16537367816091958,-0.16538331691297217,-0.16538331691297217,-0.16537367816091958,-0.16537367816091958,-0.1653780623973728,-0.1653780623973728,-0.16537367816091958,-0.16537367816091958,-0.1653780623973728,-0.1653780623973728,-0.16537367816091958,-0.16537367816091958,-0.1653780623973728,-0.1653780623973728,-0.16537367816091958,-0.16537367816091958,-0.1653780623973728,-0.1653780623973728
AW,46.307358,49.74629,50.82878,50.82819,50.82876,50.828487,50.82876,50.828487,50.828815,50.82855,50.828815,50.828487,-0.2396164532019705,-0.479232906403941,-0.18314794745484406,-0.36629605911330065,-0.1653730706075534,-0.330746748768473,-0.16538275862068974,-0.3307660755336619,-0.16537339901477835,-0.33074707717569796,-0.16537788177339904,-0.3307559441707718,-0.16537339901477835,-0.33074707717569796,-0.16537788177339904,-0.3307559441707718,-0.1653724958949098,-0.3307461740558294,-0.16537684729064048,-0.33075490968801324,-0.1653724958949098,-0.3307461740558294,-0.16537788177339904,-0.3307559441707718
BA,46.307358,49.74628,50.828743,50.828156,50.828743,50.828476,50.82876,50.828487,50.828743,50.828476,50.828743,50.828476,-0.2396164532019705,-0.7188493596059116,-0.1831481116584566,-0.5494441707717572,-0.16537367816091958,-0.49612042692939257,-0.16538331691297217,-0.49614939244663403,-0.16537367816091958,-0.49612075533661754,-0.1653780623973728,-0.4961340065681446,-0.16537339901477835,-0.4961204761904763,-0.16537788177339904,-0.4961338259441709,-0.16537367816091958,-0.496119852216749,-0.1653780623973728,-0.49613297208538604,-0.16537367816091958,-0.496119852216749,-0.1653780623973728,-0.4961340065681446
AB,34.73546,46.174534,39.46281,44.871548,39.46297,44.789238,39.46297,44.789238,49.322758,49.32252,49.322758,49.32252,-0.4296311986863711,-1.1484805582922828,-0.24179747126436787,-0.7912416420361251,-0.3520064039408868,-0.8481268308702794,-0.263192972085386,-0.7593423645320201,-0.35200377668308713,-0.8481245320197046,-0.26454453201970457,-0.7606785385878492,-0.35200377668308713,-0.8481242528735634,-0.26454453201970457,-0.7606783579638754,-0.19010249589490977,-0.6862223481116587,-0.19010640394088682,-0.6862393760262728,-0.19010249589490977,-0.6862223481116587,-0.19010640394088682,-0.6862404105090314
AP,34.73546,47.423393,49.322758,49.322186,39.462852,44.789276,39.46281,44.78928,49.32277,49.322536,49.32277,49.32255,-0.4296311986863711,-1.5781117569786538,-0.22129075533661752,-1.0125323973727427,-0.19010249589490977,-1.0382293267651892,-0.19011188834154355,-0.9494542528735637,-0.35200571428571437,-1.2001302463054189,-0.26454390804597705,-1.0252224466338262,-0.3520064039408868,-1.20013065681445,-0.2645438423645321,-1.0252222003284075,-0.1901022988505748,-0.8763246469622336,-0.19010614121510683,-0.8763455172413797,-0.1901022988505748,-0.8763246469622336,-0.19010591133004934,-0.8763463218390808
BB,34.735466,46.174534,39.462852,44.871586,39.462852,44.789276,39.462826,44.789276,49.32277,49.322536,49.32277,49.32255,-0.42963110016420364,-2.0077428571428575,-0.24179747126436787,-1.2543298686371105,-0.35200571428571437,-1.3902350410509037,-0.26319234811165854,-1.2126466009852221,-0.35200571428571437,-1.5521359605911331,-0.26454390804597705,-1.2897663546798033,-0.3520061412151068,-1.5521367980295568,-0.26454390804597705,-1.2897661083743845,-0.1901022988505748,-1.0664269458128084,-0.19010614121510683,-1.0664516584564865,-0.1901022988505748,-1.0664269458128084,-0.19010591133004934,-1.0664522331691302
BP,34.73548,47.423397,49.322807,49.322235,49.32277,49.322536,39.46297,44.789238,49.322758,49.32252,49.322758,49.322536,-0.42963087027914615,-2.4373737274220035,-0.22129068965517246,-1.475620558292283,-0.19010169129720866,-1.5803367323481123,-0.19011108374384245,-1.4027576847290646,-0.1901022988505748,-1.7422382594417078,-0.19010614121510683,-1.47987249589491,-0.35200377668308713,-1.904140574712644,-0.26454453201970457,-1.5543106403940892,-0.19010249589490977,-1.2565294417077182,-0.19010640394088682,-1.2565580623973733,-0.19010249589490977,-1.2565294417077182,-0.19010614121510683,-1.256558374384237
BZ,34.73546,46.17454,39.46281,44.871548,49.32279,49.32255,49.322807,49.322575,49.32277,49.322536,49.32277,49.32255,-0.4296311986863711,-2.8670049261083745,-0.2417973727422004,-1.7174179310344835,-0.3520064039408868,-1.9323431362889991,-0.263192972085386,-1.6659506568144506,-0.19010197044334987,-1.9323402298850576,-0.19010591133004934,-1.6699784072249595,-0.19010169129720866,-2.0942422660098527,-0.19010550082101813,-1.7444161412151074,-0.1901022988505748,-1.446631740558293,-0.19010614121510683,-1.4466642036124802,-0.1901022988505748,-1.446631740558293,-0.19010591133004934,-1.4466642857142864
AC,23.16514,46.1251,26.728624,44.803135,39.14593,39.147026,26.7288,44.71303,48.069435,48.069176,48.069435,48.069176,-0.6196200328407225,-3.486624958949097,-0.24260919540229886,-1.9600271264367823,-0.5611063382594418,-2.493449474548441,-0.26431633825944184,-1.9302669950738924,-0.35720968801313635,-2.289549917898194,-0.3571916912972086,-2.027170098522168,-0.5611034482758621,-2.6553457142857146,-0.265795894909688,-2.0102120361247953,-0.21068251231527102,-1.6573142528735638,-0.21068676518883425,-1.6573509688013144,-0.21068251231527102,-1.6573142528735638,-0.21068676518883425,-1.6573510509031206
AF,34.603146,39.120964,39.14578,39.208687,39.14578,39.147026,39.14579,39.147015,48.069447,48.069183,48.069447,48.069176,-0.431803842364532,-3.918428801313629,-0.3576196387520526,-2.317646765188835,-0.3572121510673235,-2.8506616256157646,-0.356179195402299,-2.2864461904761915,-0.3572121510673235,-2.6467620689655176,-0.3571916912972086,-2.3843617898193767,-0.3572119868637111,-3.012557701149426,-0.3571918719211823,-2.3674039080459774,-0.2106823152709361,-1.8679965681444999,-0.21068665024630545,-1.8680376190476198,-0.2106823152709361,-1.8679965681444999,-0.21068676518883425,-1.8680378160919549
AQ,23.165144,46.193348,48.069435,48.068855,39.14579,39.147007,39.14578,39.147026,48.069454,48.06919,48.069454,48.069183,-0.6196199671592776,-4.5380487684729065,-0.241488538587849,-2.5591353037766837,-0.21068251231527102,-3.0613441379310355,-0.21069203612479484,-2.4971382266009865,-0.3572119868637111,-3.0039740558292287,-0.3571920032840723,-2.7415537931034493,-0.3572121510673235,-3.3697698522167494,-0.3571916912972086,-2.724595599343186,-0.2106822003284073,-2.078678768472907,-0.21068653530377676,-2.0787241543513963,-0.2106822003284073,-2.078678768472907,-0.21068665024630545,-2.0787244663382602
BC,23.16515,46.1251,26.728674,44.803173,39.14579,39.147007,26.72864,39.147007,48.069454,48.06919,48.069454,48.069183,-0.61961986863711,-5.157668637110016,-0.24260919540229886,-2.801744499178983,-0.5611055172413794,-3.622449655172415,-0.2643157142857143,-2.761453940886701,-0.3572119868637111,-3.36118604269294,-0.3571920032840723,-3.0987457963875213,-0.5611060755336618,-3.930875927750411,-0.3571920032840723,-3.0817876026272586,-0.2106822003284073,-2.2893609688013146,-0.21068653530377676,-2.289410689655173,-0.2106822003284073,-2.2893609688013146,-0.21068665024630545,-2.289411116584566
BF,23.16514,46.125103,26.728624,44.803135,39.14587,39.146965,26.7288,44.71303,48.069454,48.06919,48.069454,48.069183,-0.6196200328407225,-5.777288669950739,-0.24260914614121512,-3.044353645320198,-0.5611063382594418,-4.183555993431857,-0.26431633825944184,-3.0257702791461427,-0.3572106732348112,-3.718396715927751,-0.3571926929392447,-3.455938489326766,-0.5611034482758621,-4.491979376026273,-0.265795894909688,-3.3475834975369465,-0.2106822003284073,-2.500043169129722,-0.21068653530377676,-2.50009722495895,-0.2106822003284073,-2.500043169129722,-0.21068665024630545,-2.5000977668308715
AD,11.619951,45.350807,13.158262,44.75157,37.842815,37.842564,13.15845,44.653126,46.972336,46.972065,46.972336,46.972065,-0.8091962068965517,-6.58648487684729,-0.2553233661740558,-3.2996770114942535,-0.7839365845648605,-4.967492577996717,-0.26516305418719216,-3.290933333333335,-0.37860730706075535,-4.097004022988506,-0.3786114285714286,-3.8345499178981948,-0.7839334975369459,-5.275912873563219,-0.26677954022988515,-3.6143630377668314,-0.22869727422003294,-2.728740443349755,-0.2287017241379311,-2.728798949096881,-0.22869727422003294,-2.728740443349755,-0.2287017241379311,-2.7287994909688025
AR,11.619965,45.35083,46.972336,46.97176,37.842724,37.842472,38.81909,38.818813,46.972336,46.972065,46.972336,46.972065,-0.8091959770114943,-7.395680853858785,-0.25532298850574714,-3.5550000000000006,-0.22869727422003294,-5.19618985221675,-0.22870673234811167,-3.519640065681447,-0.378608801313629,-4.475612824302135,-0.37861293924466344,-4.2131628571428585,-0.36257651888341547,-5.638489392446634,-0.3625810673234812,-3.9769441050903125,-0.22869727422003294,-2.9574377175697877,-0.2287017241379311,-2.957500673234812,-0.22869727422003294,-2.9574377175697877,-0.2287017241379311,-2.9575012151067335
BD,11.619964,45.350838,13.158314,44.751614,37.842724,37.842472,26.600885,37.842472,46.972336,46.972065,46.972336,46.972065,-0.8091959934318556,-8.20487684729064,-0.2553228571428572,-3.810322857142858,-0.7839357307060755,-5.980125582922826,-0.2651623316912973,-3.784802397372744,-0.378608801313629,-4.8542216256157635,-0.37861293924466344,-4.591775796387522,-0.5632038587848932,-6.201693251231528,-0.37861293924466344,-4.355557044334976,-0.22869727422003294,-3.1861349917898205,-0.2287017241379311,-3.186202397372743,-0.22869727422003294,-3.1861349917898205,-0.2287017241379311,-3.1862029392446645
BK,23.030376,37.366497,26.60087,38.818527,37.842766,37.842518,26.601046,38.818825,46.972336,46.972065,46.972336,46.972065,-0.6218329064039408,-8.826709753694582,-0.38642862068965517,-4.196751477832513,-0.563204105090312,-6.543329688013138,-0.36258576354679806,-4.147388160919542,-0.3786081116584566,-5.23282973727422,-0.3786121839080461,-4.970387980295568,-0.5632012151067325,-6.76489446633826,-0.36258087027914626,-4.718137914614122,-0.22869727422003294,-3.4148322660098533,-0.2287017241379311,-3.414904121510674,-0.22869727422003294,-3.4148322660098533,-0.2287017241379311,-3.4149046633825955
BQ,11.619994,34.470306,37.842766,37.84218,26.601046,38.818825,26.601046,39.05629,37.842705,37.842453,37.842705,38.818825,-0.8091955008210181,-9.635905254515599,-0.4339851231527094,-4.630736600985222,-0.3786081116584566,-6.9219377996715945,-0.37861773399014786,-4.52600589490969,-0.5632012151067325,-5.796030952380953,-0.36258087027914626,-5.332968850574714,-0.5632012151067325,-7.328095681444993,-0.35868160919540243,-5.076819523809524,-0.37860911330049263,-3.793441379310346,-0.37861325123152717,-3.793517372742201,-0.37860911330049263,-3.793441379310346,-0.36258087027914626,-3.777485533661742
CA,34.47083,34.470287,37.842705,37.842117,37.842766,37.842518,37.842815,37.842564,46.972336,46.972065,46.972336,46.972065,-0.4339765188834155,-10.069881773399015,-0.43398543513957316,-5.064722036124795,-0.37860911330049263,-7.300546912972087,-0.37861876847290643,-4.904624663382596,-0.3786081116584566,-6.174639064039409,-0.3786121839080461,-5.71158103448276,-0.37860730706075535,-7.706702988505748,-0.3786114285714286,-5.4554309523809525,-0.22869727422003294,-4.022138653530379,-0.2287017241379311,-4.022219096880132,-0.22869727422003294,-4.022138653530379,-0.2287017241379311,-4.006187257799673
CT,34.47083,34.470287,37.842705,37.842117,37.842705,37.842453,37.842705,37.842453,46.972336,46.972065,46.972336,46.972065,-0.4339765188834155,-10.50385829228243,-0.43398543513957316,-5.498707471264368,-0.37860911330049263,-7.6791560262725795,-0.37861876847290643,-5.283243431855502,-0.37860911330049263,-6.553248177339902,-0.37861325123152717,-6.090194285714287,-0.37860911330049263,-8.085312101806242,-0.37861325123152717,-5.834044203612479,-0.22869727422003294,-4.250835927750412,-0.2287017241379311,-4.250920821018063,-0.22869727422003294,-4.250835927750412,-0.2287017241379311,-4.234888981937604
AE,0.0,44.70864,0.0,44.70864,37.537125,37.536846,13.1138,38.992466,45.982292,45.982014,45.982292,45.982014,-1.0,-11.50385829228243,-0.2658679802955665,-5.764575451559935,-1.0,-8.67915602627258,-0.2658679802955665,-5.549111412151069,-0.3836268472906404,-6.936875024630543,-0.3836314285714287,-6.473825714285716,-0.7846666666666667,-8.869978768472908,-0.35972962233169137,-6.193773825944171,-0.24495415435139578,-4.4957900821018075,-0.24495871921182275,-4.495879540229886,-0.24495415435139578,-4.4957900821018075,-0.24495871921182275,-4.479847701149427
AG,22.981016,37.30407,26.471386,37.752563,26.471558,37.536892,26.471558,37.536804,38.50788,38.507607,38.50788,38.507607,-0.6226434154351397,-12.12650170771757,-0.3874536945812808,-6.152029146141216,-0.5653302791461413,-9.244486305418722,-0.3800892775041051,-5.929200689655174,-0.5653274548440066,-7.502202479474549,-0.3836306732348112,-6.857456387520527,-0.5653274548440066,-9.435306223316914,-0.3836321182266011,-6.577405944170772,-0.36768669950738925,-4.863476781609196,-0.3676911822660099,-4.863570722495896,-0.36768669950738925,-4.863476781609196,-0.3676911822660099,-4.847538883415437
AS,0.0,44.708675,45.982292,45.981815,37.537083,37.536804,38.50788,38.507607,45.982292,45.982014,45.982292,45.982014,-1.0,-13.12650170771757,-0.2658674055829229,-6.417896551724139,-0.24495415435139578,-9.489440459770117,-0.24496198686371112,-6.174162676518884,-0.3836275369458128,-7.885830016420362,-0.3836321182266011,-7.241088505747128,-0.36768669950738925,-9.802992922824304,-0.3676911822660099,-6.9450971264367825,-0.24495415435139578,-5.108430935960592,-0.24495871921182275,-5.108529441707719,-0.24495415435139578,-5.108430935960592,-0.24495871921182275,-5.09249760262726
BE,0.0,44.708683,0.0,44.708683,37.537083,37.536804,26.388643,31.626368,45.982292,45.982014,45.982292,45.982014,-1.0,-14.12650170771757,-0.2658672742200329,-6.683763825944172,-1.0,-10.489440459770117,-0.2658672742200329,-6.440029950738917,-0.3836275369458128,-8.269457553366175,-0.3836321182266011,-7.6247206239737295,-0.5666889490968802,-10.369681871921184,-0.4806836124794746,-7.425780738916257,-0.24495415435139578,-5.3533850903119875,-0.24495871921182275,-5.353488160919542,-0.24495415435139578,-5.3533850903119875,-0.24495871921182275,-5.337456321839083
AJ,22.84796,28.665981,26.262768,30.06992,26.262867,30.011612,26.262934,30.011677,38.19215,38.19188,38.19215,38.19188,-0.6248282430213465,-14.751329950738915,-0.529294236453202,-7.213058062397374,-0.5687558620689656,-11.058196321839082,-0.5062410509031199,-6.946271001642037,-0.568754236453202,-8.838211789819377,-0.5071984893267653,-8.131919113300494,-0.5687531362889984,-10.938435008210183,-0.5071974220032841,-7.932978160919541,-0.3728711001642037,-5.7262561904761915,-0.37287553366174064,-5.726363694581282,-0.3728711001642037,-5.7262561904761915,-0.37287553366174064,-5.710331855500824
BG,22.765034,32.746258,25.396067,31.733229,26.262768,30.011662,26.262934,30.011677,38.19215,38.19188,38.19215,38.19188,-0.6261899178981938,-15.377519868637108,-0.46229461412151074,-7.675352676518885,-0.5829874055829228,-11.641183727422005,-0.47892891625615763,-7.425199917898195,-0.5687558620689656,-9.406967651888342,-0.5071976683087028,-8.639116781609196,-0.5687531362889984,-11.507188144499182,-0.5071974220032841,-8.440175582922825,-0.3728711001642037,-6.0991272906403955,-0.37287553366174064,-6.0992392282430234,-0.3728711001642037,-6.0991272906403955,-0.37287553366174064,-6.083207389162565
BR,0.0,34.37142,25.396132,31.733255,13.052528,31.563234,13.067957,37.22842,37.22868,37.2284,37.22868,36.458233,-1.0,-16.37751986863711,-0.43560886699507395,-8.110961543513959,-0.5829863382594417,-12.224170065681447,-0.47892848932676524,-7.9041284072249605,-0.7856727750410509,-10.192640426929394,-0.4817202955665025,-9.120837077175699,-0.7854194252873563,-12.292607569786538,-0.3886958949096881,-8.828871477832513,-0.38869162561576365,-6.487818916256159,-0.388696223316913,-6.487935451559936,-0.38869162561576365,-6.487818916256159,-0.40134264367816097,-6.484550032840726
CB,22.76506,32.746273,25.396132,31.733255,26.262867,30.011612,26.262934,30.011677,38.19215,38.19188,38.19215,38.19188,-0.6261894909688014,-17.00370935960591,-0.46229436781609196,-8.573255911330051,-0.5829863382594417,-12.807156403940889,-0.47892848932676524,-8.383056896551725,-0.568754236453202,-10.761394663382596,-0.5071984893267653,-9.628035566502463,-0.5687531362889984,-12.861360706075537,-0.5071974220032841,-9.336068899835796,-0.3728711001642037,-6.860690016420363,-0.37287553366174064,-6.860810985221677,-0.3728711001642037,-6.860690016420363,-0.37287553366174064,-6.857425566502467
CO,11.341563,33.699654,37.228737,37.22814,13.052528,31.563234,26.262934,30.011677,36.45852,36.458244,36.45852,36.458233,-0.8137674384236453,-17.817476798029556,-0.4466395073891626,-9.019895418719214,-0.38869068965517245,-13.195847093596061,-0.38870049261083744,-8.771757389162563,-0.7856727750410509,-11.547067438423648,-0.4817202955665025,-10.109755862068965,-0.5687531362889984,-13.430113842364536,-0.5071974220032841,-9.84326632183908,-0.4013379310344828,-7.262027947454846,-0.40134246305418725,-7.262153448275865,-0.4013379310344828,-7.262027947454846,-0.40134264367816097,-7.258768210180628
CU,22.765034,32.746258,25.396067,31.733229,26.262768,30.011673,26.262768,30.011673,38.19215,38.19188,38.19215,38.19188,-0.6261899178981938,-18.44366671592775,-0.46229461412151074,-9.482190032840725,-0.5829874055829228,-13.778834499178984,-0.47892891625615763,-9.25068630541872,-0.5687558620689656,-12.115823300492613,-0.5071974876847292,-10.616953349753695,-0.5687558620689656,-13.9988697044335,-0.5071974876847292,-10.35046380952381,-0.3728711001642037,-7.63489904761905,-0.37287553366174064,-7.635028981937605,-0.3728711001642037,-7.63489904761905,-0.37287553366174064,-7.631643743842369
AH,11.387704,36.320995,13.024803,36.56523,26.135143,29.701756,13.024986,35.57247,36.918655,36.918434,36.918655,36.918404,-0.8130097865353038,-19.256676502463055,-0.40359614121510673,-9.885786174055832,-0.7861280295566503,-14.564962528735634,-0.3995857142857143,-9.650272019704435,-0.5708515106732348,-12.686674811165847,-0.5122864367816092,-11.129239786535305,-0.7861250246305419,-14.784994729064042,-0.4158871921182266,-10.766351001642036,-0.3937823481116585,-8.02868139573071,-0.39378597701149437,-8.0288149589491,-0.3937823481116585,-8.02868139573071,-0.3937864696223317,-8.025430213464702
AT,22.7156,26.5419,26.048325,28.880249,25.268265,27.333332,25.268265,27.333332,36.918655,36.918434,36.918655,36.918404,-0.627001642036125,-19.88367814449918,-0.5641724137931036,-10.449958587848936,-0.5722770935960592,-15.137239622331693,-0.5257758784893268,-10.176047898193762,-0.585085960591133,-13.27176077175698,-0.551176814449918,-11.680416600985222,-0.585085960591133,-15.370080689655175,-0.551176814449918,-11.317527816091953,-0.3937823481116585,-8.422463743842368,-0.39378597701149437,-8.422600935960595,-0.3937823481116585,-8.422463743842368,-0.3937864696223317,-8.419216683087035
CD,0.0,33.67035,0.0,31.709154,26.135143,29.701756,13.009168,29.947563,36.918655,36.918434,36.918655,36.918404,-1.0,-20.88367814449918,-0.4471206896551725,-10.897079277504108,-1.0,-16.13723962233169,-0.479324236453202,-10.655372134646964,-0.5708515106732348,-13.842612282430215,-0.5122864367816092,-12.192703037766831,-0.7863847619047619,-16.15646545155994,-0.508250197044335,-11.825778013136288,-0.3937823481116585,-8.816246091954026,-0.39378597701149437,-8.81638691297209,-0.3937823481116585,-8.816246091954026,-0.3937864696223317,-8.813003152709367
AK,11.248195,27.928217,12.96425,29.688908,12.964354,26.139725,12.96443,29.391365,35.86452,35.864254,35.86452,35.864246,-0.8153005747126436,-21.698978719211823,-0.5414085878489326,-11.438487865353041,-0.7871223316912972,-16.924361954022988,-0.5124974055829229,-11.167869540229887,-0.7871206239737274,-14.629732906403943,-0.5707762725779968,-12.763479310344827,-0.7871193760262726,-16.94358482758621,-0.5173831691297209,-12.343161182266009,-0.4110916256157636,-9.22733771756979,-0.4110959934318555,-9.227482906403946,-0.4110916256157636,-9.22733771756979,-0.4110961247947455,-9.224099277504113
BS,0.0,32.695225,12.35536,31.624125,12.909136,27.27577,0.0,35.21767,35.864517,35.864246,35.864517,35.864235,-1.0,-22.698978719211823,-0.4631325944170772,-11.901620459770118,-0.79712052545156,-17.72148247947455,-0.4807204433497538,-11.64858998357964,-0.7880273234811166,-15.41776022988506,-0.5521220032840722,-13.3156013136289,-1.0,-17.94358482758621,-0.4217131362889984,-12.764874318555007,-0.41109167487684733,-9.638429392446637,-0.4110961247947455,-9.638579031198692,-0.41109167487684733,-9.638429392446637,-0.4110963054187193,-9.635195582922831
BU,0.0,32.695206,0.0,31.634388,12.964248,25.068121,12.909136,27.27579,35.864502,35.864235,35.864502,35.864254,-1.0,-23.698978719211823,-0.46313290640394095,-12.364753366174059,-1.0,-18.72148247947455,-0.48055192118226603,-12.129141904761907,-0.7871223645320198,-16.20488259441708,-0.5883723973727422,-13.903973711001642,-0.7880273234811166,-18.731612151067328,-0.5521216748768473,-13.316995993431854,-0.41109192118226606,-10.049521313628903,-0.4110963054187193,-10.04967533661741,-0.41109192118226606,-10.049521313628903,-0.4110959934318555,-10.046291576354687
CC,11.067198,32.062813,12.35536,31.624125,12.949462,26.139696,12.96443,29.63663,35.86452,35.864254,35.86452,35.864246,-0.8182726108374385,-24.517251330049262,-0.4735170279146142,-12.838270394088672,-0.79712052545156,-19.51860300492611,-0.4807204433497538,-12.60986234811166,-0.7873651559934319,-16.99224775041051,-0.570776748768473,-14.474750459770116,-0.7871193760262726,-19.5187315270936,-0.5133558292282431,-13.830351822660097,-0.4110916256157636,-10.460612939244667,-0.4110959934318555,-10.460771330049266,-0.4110916256157636,-10.460612939244667,-0.4110961247947455,-10.457387701149433
CM,11.067199,32.062813,35.21796,35.21739,12.909136,27.27577,25.068453,25.068176,35.864517,35.864246,35.864517,35.864235,-0.8182725944170771,-25.33552392446634,-0.4735170279146142,-13.311787422003286,-0.42170837438423653,-19.940311379310348,-0.42171773399014784,-13.031580082101808,-0.7880273234811166,-17.780275073891627,-0.5521220032840722,-15.026872463054188,-0.5883669458128078,-20.107098472906408,-0.5883714942528736,-14.41872331691297,-0.41109167487684733,-10.871704614121514,-0.4110961247947455,-10.871867454844011,-0.41109167487684733,-10.871704614121514,-0.4110963054187193,-10.868484006568151
CV,11.067165,32.062786,12.355292,31.62409,12.949281,26.139734,12.96425,25.068176,35.864502,35.864235,35.864502,35.864235,-0.8182731527093596,-26.1537970771757,-0.47351747126436783,-13.785304893267654,-0.7971216420361248,-20.737433021346472,-0.4807210180623974,-13.512301100164205,-0.7873681280788177,-18.567643201970444,-0.5707761247947455,-15.597648587848933,-0.7871223316912972,-20.894220804597705,-0.5883714942528736,-15.007094811165844,-0.41109192118226606,-11.28279653530378,-0.4110963054187193,-11.28296376026273,-0.41109192118226606,-11.28279653530378,-0.4110963054187193,-11.27958031198687
AI,0.0,35.641666,0.0,35.542408,25.018911,25.166264,0.0,29.318342,34.932415,34.93215,34.932415,34.93215,-1.0,-27.1537970771757,-0.4147509688013137,-14.200055862068968,-1.0,-21.737433021346472,-0.4163808210180624,-13.928681921182267,-0.5891804433497537,-19.1568236453202,-0.586760853858785,-16.184409441707718,-1.0,-21.894220804597705,-0.5185822331691298,-15.525677044334975,-0.4263971264367817,-11.709193661740562,-0.42640147783251237,-11.709365238095241,-0.4263971264367817,-11.709193661740562,-0.42640147783251237,-11.705981789819381
AX,22.616735,22.616186,24.235872,24.235298,24.941282,24.941008,25.715174,27.561428,34.932426,34.932167,34.932426,34.93218,-0.6286250410509032,-27.782422118226602,-0.6286340558292283,-14.828689917898195,-0.6020382266009853,-22.339471247947458,-0.6020476518883415,-14.530729573070609,-0.5904551395730706,-19.74727878489327,-0.5904596387520527,-16.77486908045977,-0.577747553366174,-22.471968357963878,-0.5474313957307061,-16.07310844006568,-0.42639694581280796,-12.13559060755337,-0.42640119868637116,-12.135766436781612,-0.42639694581280796,-12.13559060755337,-0.4264009852216749,-12.132382775041055
BH,22.616724,22.616175,24.235847,24.235271,24.941263,24.940989,24.941263,24.940989,34.932415,34.93215,34.932415,34.93215,-0.6286252216748768,-28.41104733990148,-0.628634236453202,-15.457324154351397,-0.6020386371100165,-22.941509885057474,-0.6020480952380953,-15.132777668308703,-0.5904554515599344,-20.3377342364532,-0.5904599507389162,-17.365329031198687,-0.5904554515599344,-23.06242380952381,-0.5904599507389162,-16.6635683908046,-0.4263971264367817,-12.561987733990152,-0.42640147783251237,-12.562167914614124,-0.4263971264367817,-12.561987733990152,-0.42640147783251237,-12.558784252873567
BL,0.0,26.488605,0.0,27.376165,12.902949,24.941044,12.86706,26.080437,34.932415,34.93215,34.932415,34.93215,-1.0,-29.41104733990148,-0.5650475369458129,-16.02237169129721,-1.0,-23.941509885057474,-0.5504734811165846,-15.683251149425288,-0.7881289162561577,-21.12586315270936,-0.5904590476190476,-17.955788078817736,-0.7887182266009852,-23.851142036124795,-0.571749802955665,-17.235318193760264,-0.4263971264367817,-12.988384860426935,-0.42640147783251237,-12.988569392446635,-0.4263971264367817,-12.988384860426935,-0.42640147783251237,-12.985185730706078
CE,0.0,26.487179,0.0,25.307951,25.018911,25.166264,12.903128,28.232893,34.932415,34.93215,34.932415,34.93215,-1.0,-30.41104733990148,-0.5650709523809525,-16.587442643678163,-1.0,-24.941509885057474,-0.584434302134647,-16.267685451559935,-0.5891804433497537,-21.715043596059115,-0.586760853858785,-18.54254893267652,-0.7881259770114942,-24.639268013136288,-0.536405697865353,-17.771723891625616,-0.4263971264367817,-13.414781986863717,-0.42640147783251237,-13.414970870279147,-0.4263971264367817,-13.414781986863717,-0.42640147783251237,-13.41158720853859
CH,0.0,26.487179,0.0,25.307951,25.018848,25.166264,12.90295,24.941044,34.932415,34.93215,34.932415,34.93215,-1.0,-31.41104733990148,-0.5650709523809525,-17.152513596059116,-1.0,-25.941509885057474,-0.584434302134647,-16.85211975369458,-0.5891814778325124,-22.304225073891626,-0.586760853858785,-19.129309786535305,-0.7881288998357964,-25.427396912972085,-0.5904590476190476,-18.362182939244665,-0.4263971264367817,-13.8411791133005,-0.42640147783251237,-13.841372348111658,-0.4263971264367817,-13.8411791133005,-0.42640147783251237,-13.837988686371101
CJ,0.0,32.039207,0.0,31.57798,12.903052,24.94105,12.850837,21.170929,34.932415,34.93215,34.932415,34.93215,-1.0,-32.41104733990148,-0.4739046469622333,-17.626418243021348,-1.0,-26.941509885057474,-0.48147816091954027,-17.33359791461412,-0.788127224958949,-23.092352298850574,-0.5904589490968801,-19.719768735632186,-0.7889846141215107,-26.216381527093596,-0.652365697865353,-19.014548637110018,-0.4263971264367817,-14.267576239737283,-0.42640147783251237,-14.26777382594417,-0.4263971264367817,-14.267576239737283,-0.42640147783251237,-14.264390164203613
CX,22.616724,22.616175,24.235847,24.235271,24.941263,24.940989,24.235847,24.235582,34.932415,34.93215,34.932415,34.93215,-0.6286252216748768,-33.03967256157635,-0.628634236453202,-18.25505247947455,-0.6020386371100165,-27.54354852216749,-0.6020480952380953,-17.935646009852217,-0.5904554515599344,-23.682807750410507,-0.5904599507389162,-20.310228686371104,-0.6020386371100165,-26.818420164203612,-0.6020429885057471,-19.616591625615765,-0.4263971264367817,-14.693973366174065,-0.42640147783251237,-14.694175303776682,-0.4263971264367817,-14.693973366174065,-0.42640147783251237,-14.690791642036125
AL,0.0,27.87076,0.0,29.333061,12.8212385,24.812986,0.0,25.106731,25.582937,27.271637,25.582937,27.27163,-1.0,-34.03967256157635,-0.542352052545156,-18.797404532019705,-1.0,-28.54354852216749,-0.5183405418719212,-18.45398655172414,-0.7894706321839081,-24.472278382594414,-0.5925618062397374,-20.90279049261084,-1.0,-27.818420164203612,-0.5877384072249591,-20.204330032840723,-0.579918932676519,-15.273892298850583,-0.5521898686371101,-15.246365172413793,-0.579918932676519,-15.273892298850583,-0.5521899835796388,-15.242981625615764
AM,11.059709,20.442606,12.806725,20.970453,12.806723,20.8699,12.806899,20.86989,34.09169,34.091427,34.09169,34.091427,-0.8183955829228243,-34.85806814449918,-0.664325024630542,-19.461729556650248,-0.7897089490968802,-29.33325747126437,-0.6556575862068966,-19.109644137931035,-0.7897089819376026,-25.26198736453202,-0.6573087027914615,-21.5600991954023,-0.789706091954023,-28.608126256157636,-0.657308866995074,-20.861638899835796,-0.4402021346469623,-15.714094433497547,-0.44020645320197044,-15.686571625615763,-0.4402021346469623,-15.714094433497547,-0.44020645320197044,-15.683188078817734
AU,10.968302,19.931238,24.740822,24.740232,12.267569,19.265678,12.806739,20.86993,34.09169,34.091427,34.09169,34.091427,-0.8198965188834154,-35.677964663382596,-0.6727218719211823,-20.13445142857143,-0.5937467651888342,-29.927004236453204,-0.5937564532019705,-19.703400591133004,-0.7985620853858785,-26.060549449917897,-0.6836506075533662,-22.24374980295567,-0.7897087192118227,-29.39783497536946,-0.657308210180624,-21.51894711001642,-0.4402021346469623,-16.15429656814451,-0.44020645320197044,-16.126778078817733,-0.4402021346469623,-16.15429656814451,-0.44020645320197044,-16.123394532019706
BT,0.0,31.534784,0.0,31.534784,12.806899,20.869867,0.0,29.26848,34.09169,34.091427,34.09169,34.091427,-1.0,-36.677964663382596,-0.48218745484400666,-20.616638883415437,-1.0,-30.927004236453204,-0.48218745484400666,-20.18558804597701,-0.789706091954023,-26.85025554187192,-0.6573092446633826,-22.90105904761905,-1.0,-30.39783497536946,-0.5194009852216749,-22.038348095238096,-0.4402021346469623,-16.594498702791473,-0.44020645320197044,-16.566984532019703,-0.4402021346469623,-16.594498702791473,-0.44020645320197044,-16.563600985221676
CP,0.0,20.44611,24.813217,24.812624,0.0,26.032425,12.859942,24.812897,24.813156,24.812878,24.813156,24.812891,-1.0,-37.677964663382596,-0.664267487684729,-21.280906371100166,-0.592558013136289,-31.519562249589494,-0.5925677504105091,-20.77815579638752,-1.0,-27.85025554187192,-0.5725381773399014,-23.47359722495895,-0.788835106732348,-31.186670082101806,-0.5925632676518884,-22.630911362889982,-0.5925590147783252,-17.187057717569797,-0.5925635796387522,-17.159548111658456,-0.5925590147783252,-17.187057717569797,-0.5925633661740558,-17.15616435139573
CW,0.0,31.53476,0.0,31.53476,12.806723,20.8699,0.0,21.110033,34.09169,34.091427,34.09169,34.091427,-1.0,-38.677964663382596,-0.4821878489326766,-21.76309422003284,-1.0,-32.5195622495895,-0.4821878489326766,-21.260343645320194,-0.7897089819376026,-28.639964523809525,-0.6573087027914615,-24.130905927750412,-1.0,-32.186670082101806,-0.6533656321839081,-23.284276995073892,-0.4402021346469623,-17.62725985221676,-0.44020645320197044,-17.599754564860426,-0.4402021346469623,-17.62725985221676,-0.44020645320197044,-17.5963708045977
CF,0.0,25.708143,0.0,25.191818,12.760048,20.563534,12.800208,24.614159,25.381016,26.435911,25.381016,26.435934,-1.0,-39.677964663382596,-0.5778630049261084,-22.34095722495895,-1.0,-33.5195622495895,-0.5863412479474549,-21.84668489326765,-0.7904754022988506,-29.430439926108374,-0.6623393431855501,-24.793245270935962,-0.789815960591133,-32.97648604269294,-0.595826617405583,-23.880103612479473,-0.5832345484400657,-18.210494400656824,-0.5659127914614122,-18.165667356321837,-0.5832345484400657,-18.210494400656824,-0.5659124137931034,-18.162283218390805
DA,10.918854,19.225254,12.158841,18.568096,12.209452,19.140219,12.225199,19.14018,24.614445,24.614172,24.614445,26.435888,-0.820708472906404,-40.498673136289,-0.6843143842364532,-23.025271609195403,-0.8003474384236453,-34.31990968801314,-0.6951051559934319,-22.54179004926108,-0.7995163875205255,-30.2299563136289,-0.6857106896551725,-25.478955960591136,-0.799257816091954,-33.77574385878489,-0.6857113300492611,-24.565814942528736,-0.595821921182266,-18.80631632183909,-0.5958264039408868,-18.761493760262724,-0.595821921182266,-18.80631632183909,-0.5659131691297209,-18.728196387520526
AN,0.0,20.391136,0.0,20.62667,0.0,20.488003,0.0,19.715214,24.413544,24.41326,24.413544,24.413273,-1.0,-41.498673136289,-0.6651701806239737,-23.690441789819378,-1.0,-35.31990968801314,-0.6613026272577996,-23.20309267651888,-1.0,-31.2299563136289,-0.6635795894909688,-26.142535550082105,-1.0,-34.77574385878489,-0.6762690640394089,-25.242084006568145,-0.5991207881773399,-19.405437110016432,-0.5991254515599344,-19.36061921182266,-0.5991207881773399,-19.405437110016432,-0.5991252380952381,-19.327321625615763
BI,10.8694315,18.765154,11.660175,18.520067,12.15151,19.01334,12.649137,18.942629,24.413557,24.413273,24.413557,24.413292,-0.8215200082101807,-42.32019314449918,-0.6918693924466339,-24.38231118226601,-0.8085357142857142,-36.12844540229886,-0.6958938095238096,-23.89898648604269,-0.800467816091954,-32.030424129720856,-0.6877940886699507,-26.830329638752055,-0.7922966009852218,-35.56804045977012,-0.6889551888341544,-25.9310391954023,-0.5991205747126438,-20.004557684729075,-0.5991252380952381,-19.959744449917896,-0.5991205747126438,-20.004557684729075,-0.5991249261083744,-19.926446551724137
CI,0.0,25.684568,0.0,25.14845,12.701644,19.715153,12.701715,19.715223,24.413544,24.41326,24.413544,24.413292,-1.0,-43.32019314449918,-0.5782501149425288,-24.96056129720854,-1.0,-37.12844540229886,-0.5870533661740559,-24.48603985221675,-0.7914344170771757,-32.82185854679803,-0.676270065681445,-27.5065997044335,-0.7914332512315271,-36.35947371100164,-0.6762689162561576,-26.607308111658458,-0.5991207881773399,-20.603678472906417,-0.5991254515599344,-20.55886990147783,-0.5991207881773399,-20.603678472906417,-0.5991249261083744,-20.52557147783251
CQ,0.0,19.90562,24.413605,24.41302,0.0,20.752516,12.701591,19.715199,24.413544,24.41326,24.413544,24.413273,-1.0,-44.32019314449918,-0.6731425287356322,-25.63370382594417,-0.5991197865353037,-37.72756518883416,-0.5991293924466338,-25.085169244663383,-1.0,-33.82185854679803,-0.6592361904761905,-28.16583589490969,-0.7914352873563218,-37.15090899835796,-0.6762693103448276,-27.283577422003287,-0.5991207881773399,-21.202799261083758,-0.5991254515599344,-21.157995353037766,-0.5991207881773399,-21.202799261083758,-0.5991252380952381,-21.124696715927747
CY,10.869416,18.765133,11.660151,18.520044,12.15149,19.013346,12.113973,15.59508,24.413544,24.41326,24.413544,24.41326,-0.8215202627257799,-45.141713407224955,-0.6918697372742201,-26.32557356321839,-0.8085361083743843,-38.536101297208546,-0.6958941871921183,-25.7810634318555,-0.8004681444991789,-34.62232669129721,-0.6877939901477833,-28.853629885057472,-0.8010841871921183,-37.95199318555008,-0.7439231527093597,-28.027500574712647,-0.5991207881773399,-21.8019200492611,-0.5991254515599344,-21.7571208045977,-0.5991207881773399,-21.8019200492611,-0.5991254515599344,-21.723822167487683
AV,0.0,19.202261,23.597265,23.596691,0.0,15.554369,12.602662,18.81767,23.597254,23.59698,23.597254,23.596968,-1.0,-46.141713407224955,-0.6846919376026273,-27.010265500821017,-0.6125243842364533,-39.148625681445,-0.6125338095238095,-26.39359724137931,-1.0,-35.62232669129721,-0.7445916420361248,-29.598221527093596,-0.79305973727422,-38.7450529228243,-0.6910070607553367,-28.718507635467983,-0.612524564860427,-22.414444614121525,-0.6125290640394089,-22.36964986863711,-0.612524564860427,-22.414444614121525,-0.6125292610837438,-22.336351428571426
BO,0.0,17.609571,0.0,19.004704,12.602694,18.817654,12.602694,18.817654,23.070992,23.070726,23.070992,23.070742,-1.0,-47.141713407224955,-0.7108444827586207,-27.721109983579638,-1.0,-40.148625681445,-0.687935894909688,-27.081533136289,-0.7930592118226601,-36.41538590311987,-0.6910073234811165,-30.289228850574712,-0.7930592118226601,-39.53811213464696,-0.6910073234811165,-29.4095149589491,-0.6211659770114942,-23.03561059113302,-0.6211703448275863,-22.990820213464698,-0.6211659770114942,-23.03561059113302,-0.6211700821018064,-22.95752151067323
BV,0.0,19.202246,0.0,18.48885,12.0553255,13.992937,0.0,13.992929,23.597254,23.59698,23.597254,23.596968,-1.0,-48.141713407224955,-0.684692183908046,-28.405802167487682,-1.0,-41.148625681445,-0.6964064039408867,-27.777939540229887,-0.8020472003284073,-37.21743310344828,-0.7702309195402299,-31.05945977011494,-1.0,-40.53811213464696,-0.7702310509031198,-30.17974600985222,-0.612524564860427,-23.648135155993444,-0.6125290640394089,-23.60334927750411,-0.612524564860427,-23.648135155993444,-0.6125292610837438,-23.570050771756975
BX,0.0,19.202265,0.0,18.488873,12.055289,13.992953,12.055269,13.992968,23.597242,23.596968,23.597242,23.596987,-1.0,-49.141713407224955,-0.6846918719211823,-29.090494039408863,-1.0,-42.148625681445,-0.6964060262725781,-28.474345566502464,-0.8020477996715928,-38.01948090311987,-0.7702306568144499,-31.829690426929393,-0.8020481280788179,-41.340160262725774,-0.7702304105090313,-30.949976420361253,-0.6125247619047619,-24.260659917898206,-0.6125292610837438,-24.21587853858785,-0.6125247619047619,-24.260659917898206,-0.6125289490968802,-24.182579720853855
CG,0.0,25.167746,0.0,25.109764,0.0,18.971994,0.0,19.670193,23.597261,23.596987,23.597261,23.59698,-1.0,-50.141713407224955,-0.5867365188834155,-29.67723055829228,-1.0,-43.148625681445,-0.587688604269294,-29.062034170771756,-1.0,-39.01948090311987,-0.6884730049261085,-32.5181634318555,-1.0,-42.340160262725774,-0.6770083251231528,-31.626984745484407,-0.6125244499178982,-24.873184367816105,-0.6125289490968802,-24.828407487684732,-0.6125244499178982,-24.873184367816105,-0.6125290640394089,-24.795108784893266
BM,0.0,15.602472,0.0,15.743849,12.012814,13.869503,0.0,13.869494,22.878746,22.87848,22.878746,22.87848,-1.0,-51.141713407224955,-0.7438017733990149,-30.421032331691293,-1.0,-44.148625681445,-0.7414803119868638,-29.80351448275862,-0.8027452545155994,-39.82222615763547,-0.772257750410509,-33.29042118226601,-1.0,-43.340160262725774,-0.7722578981937602,-32.399242643678164,-0.6243227257799672,-25.497507093596074,-0.6243270935960592,-25.45273458128079,-0.6243227257799672,-25.497507093596074,-0.6243270935960592,-25.419435878489324
CK,0.0,18.74293,0.0,18.437866,0.0,18.773794,0.0,12.045333,22.87876,22.878492,22.87876,22.878506,-1.0,-52.141713407224955,-0.6922343185550082,-31.113266650246302,-1.0,-45.148625681445,-0.697243579638752,-30.50075806239737,-1.0,-40.82222615763547,-0.6917275205254517,-33.98214870279146,-1.0,-44.340160262725774,-0.8022112807881774,-33.20145392446634,-0.6243224958949097,-26.121829589490982,-0.6243268965517241,-26.077061477832515,-0.6243224958949097,-26.121829589490982,-0.6243266666666667,-26.043762545155992
CS,0.0,18.839828,12.047408,18.745554,0.0,18.620235,0.0,18.773727,12.543327,18.620228,12.543327,18.620262,-1.0,-53.141713407224955,-0.6906432183908047,-31.803909868637106,-0.8021772085385878,-45.950802889983585,-0.6921912315270936,-31.192949293924464,-1.0,-41.82222615763547,-0.6942490147783251,-34.676397717569785,-1.0,-45.340160262725774,-0.6917286206896552,-33.893182545155994,-0.7940340394088671,-26.91586362889985,-0.694249129720854,-26.77131060755337,-0.7940340394088671,-26.91586362889985,-0.6942485714285715,-26.738011116584563
DB,10.777892,11.43204,11.559942,12.200581,12.012814,13.869503,11.960475,13.192249,12.543231,18.620253,12.543231,22.87848,-0.8230231198686371,-53.96473652709359,-0.8122817733990148,-32.61619164203612,-0.8101815763546798,-46.760984466338265,-0.799662052545156,-31.99261134646962,-0.8027452545155994,-42.62497141215107,-0.772257750410509,-35.448655467980295,-0.8036046798029557,-46.14376494252873,-0.7833785057471264,-34.67656105090312,-0.7940356157635469,-27.709899244663397,-0.6942487192118226,-27.465559326765195,-0.7940356157635469,-27.709899244663397,-0.6243270935960592,-27.36233821018062
AO,0.0,13.118669,0.0,13.894509,0.0,13.819607,0.0,13.662536,22.228909,22.228645,22.228909,22.228645,-1.0,-54.96473652709359,-0.7845867159277505,-33.40077835796387,-1.0,-47.760984466338265,-0.7718471428571428,-32.76445848932676,-1.0,-43.62497141215107,-0.7730770607553367,-36.22173252873563,-1.0,-47.14376494252873,-0.775656223316913,-35.45221727422003,-0.6349932840722496,-28.344892528735645,-0.6349976190476191,-28.100556945812816,-0.6349932840722496,-28.344892528735645,-0.6349976190476191,-27.99733582922824
BJ,0.0,18.39498,0.0,18.39498,0.0,13.819621,11.466422,11.466155,22.228909,22.228645,22.228909,22.228645,-1.0,-55.96473652709359,-0.6979477832512315,-34.0987261412151,-1.0,-48.760984466338265,-0.6979477832512315,-33.462406272577994,-1.0,-44.62497141215107,-0.7730768308702792,-36.99480935960591,-0.8117172085385879,-47.95548215106732,-0.8117215927750411,-36.263938866995076,-0.6349932840722496,-28.979885812807893,-0.6349976190476191,-28.735554564860436,-0.6349932840722496,-28.979885812807893,-0.6349976190476191,-28.632333448275862
CZ,0.0,18.394958,0.0,18.394958,0.0,13.819607,0.0,11.466222,22.228909,22.228645,22.228909,22.228645,-1.0,-56.96473652709359,-0.697948144499179,-34.79667428571428,-1.0,-49.760984466338265,-0.697948144499179,-34.16035441707717,-1.0,-45.62497141215107,-0.7730770607553367,-37.76788642036124,-1.0,-48.95548215106732,-0.8117204926108375,-37.075659359605915,-0.6349932840722496,-29.61487909688014,-0.6349976190476191,-29.370552183908057,-0.6349932840722496,-29.61487909688014,-0.6349976190476191,-29.267331067323482
AZ,0.0,18.79915,0.0,18.66782,0.0,13.619213,0.0,17.83267,12.349414,17.229618,12.349414,17.229645,-1.0,-57.96473652709359,-0.6913111658456487,-35.48798545155993,-1.0,-50.760984466338265,-0.6934676518883416,-34.85382206896551,-1.0,-46.62497141215107,-0.7763676026272578,-38.544254022988504,-1.0,-49.95548215106732,-0.7071811165845648,-37.78284047619048,-0.7972181609195403,-30.412097257799683,-0.717083448275862,-30.08763563218392,-0.7972181609195403,-30.412097257799683,-0.7170830049261083,-29.984414072249592
BY,0.0,11.39957,0.0,11.4578085,11.424084,11.423818,0.0,9.125738,11.85914,12.877802,11.85914,12.87778,-1.0,-58.96473652709359,-0.8128149425287357,-36.30080039408867,-1.0,-51.760984466338265,-0.8118586453201971,-35.66568071428571,-0.8124124137931035,-47.437383825944174,-0.8124167816091955,-39.3566708045977,-1.0,-50.95548215106732,-0.8501520853858785,-38.63299256157636,-0.8052686371100165,-31.2173658949097,-0.7885418390804597,-30.876177471264377,-0.8052686371100165,-31.2173658949097,-0.7885422003284073,-30.772956272578
CR,0.0,11.409042,11.859192,12.945293,0.0,13.777448,0.0,17.229635,12.349414,17.229618,12.349414,17.229645,-1.0,-59.96473652709359,-0.8126594088669951,-37.11345980295566,-0.8052677832512315,-52.566252249589496,-0.7874336124794746,-36.45311432676519,-1.0,-48.437383825944174,-0.7737693267651888,-40.13044013136289,-1.0,-51.95548215106732,-0.7170831691297208,-39.35007573070608,-0.7972181609195403,-32.01458405582924,-0.717083448275862,-31.59326091954024,-0.7972181609195403,-32.01458405582924,-0.7170830049261083,-31.49003927750411
CN,0.0,14.697034,0.0,17.218681,0.0,11.652719,0.0,12.233382,11.763575,12.233397,11.763575,12.233382,-1.0,-60.96473652709359,-0.7586693924466338,-37.872129195402294,-1.0,-53.566252249589496,-0.7172630377668309,-37.17037736453202,-1.0,-49.437383825944174,-0.808658144499179,-40.939098275862065,-1.0,-52.95548215106732,-0.7991234482758621,-40.149199178981945,-0.8068378489326765,-32.82142190476191,-0.7991232019704434,-32.39238412151068,-0.8068378489326765,-32.82142190476191,-0.7991234482758621,-32.289162725779974
BW,0.0,7.343765,0.0,8.163256,0.0,9.022973,0.0,7.9848247,11.273748,11.2734785,11.273748,11.273499,-1.0,-61.96473652709359,-0.8794127257799672,-38.75154192118226,-1.0,-54.566252249589496,-0.8659563875205254,-38.03633375205255,-1.0,-50.437383825944174,-0.8518395238095238,-41.79093779967159,-1.0,-53.95548215106732,-0.8688862939244664,-41.018085472906414,-0.814880985221675,-33.63630288998359,-0.8148854105090313,-33.20726953201971,-0.814880985221675,-33.63630288998359,-0.8148850738916256,-33.1040477996716
BN,0.0,7.3279166,0.0,8.0465555,0.0,8.930065,0.0,7.7928624,10.838512,10.838252,10.838512,10.838266,-1.0,-62.96473652709359,-0.8796729622331692,-39.63121488341543,-1.0,-55.566252249589496,-0.8678726518883416,-38.90420640394089,-1.0,-51.437383825944174,-0.8533651067323481,-42.64430290640394,-1.0,-54.95548215106732,-0.8720383842364533,-41.89012385714287,-0.8220277175697865,-34.45833060755338,-0.822031986863711,-34.02930151888342,-0.8220277175697865,-34.45833060755338,-0.8220317569786535,-33.92607955665025
CL,0.0,5.5813274,0.0,5.4316106,0.0,7.7928634,0.0,7.9439178,10.838501,10.83824,10.838501,10.83824,-1.0,-63.96473652709359,-0.9083525878489327,-40.53956747126436,-1.0,-56.566252249589496,-0.9108109917898194,-39.815017395730706,-1.0,-52.437383825944174,-0.8720383678160919,-43.516341274220025,-1.0,-55.95548215106732,-0.8695579999999999,-42.759681857142866,-0.8220278981937603,-35.28035850574714,-0.822032183908046,-34.851333702791464,-0.8220278981937603,-35.28035850574714,-0.822032183908046,-34.74811174055829
AY,0.0,0.0,0.0,0.0,0.0,0.0,0.0,0.0,0.0,0.0,0.0,0.0,-1.0,-64.96473652709359,-1.0,-41.53956747126436,-1.0,-57.566252249589496,-1.0,-40.815017395730706,-1.0,-53.437383825944174,-1.0,-44.516341274220025,-1.0,-56.95548215106732,-1.0,-43.759681857142866,-1.0,-36.28035850574714,-1.0,-35.851333702791464,-1.0,-36.28035850574714,-1.0,-35.74811174055829
